question_number,question,answer
1,What is a confined space?,"A confined space has; Limited means of entry and/or exit, Is large enough for a worker to enter it, and Is not intended for regular/continuous occupancy. Examples may include sewers, pits, crawl spaces, attics, boilers, and many more. A confined space has; Limited means of entry and/or exit, Is large enough for a worker to enter it, and Is not intended for regular/continuous occupancy. Limited means of entry and/or exit, Is large enough for a worker to enter it, and Is not intended for regular/continuous occupancy. Examples may include sewers, pits, crawl spaces, attics, boilers, and many more."
2,What is a permit required confined space (permit space)?,"A permit space is a confined space that may have a hazardous atmosphere, engulfment hazard, or other serious hazard, such as exposed wiring, that can interfere with a worker's ability to leave the space without assistance A permit space is a confined space that may have a hazardous atmosphere, engulfment hazard, or other serious hazard, such as exposed wiring, that can interfere with a worker's ability to leave the space without assistance"
3,Can anyone work in a permit space?,"Only workers who have been assigned and trained to work in a permit space may do so. Additionally, before workers can enter a permit space, the employer has to write a permit that specifies what safety measures must to be taken and who is allowed to go in. Only workers who have been assigned and trained to work in a permit space may do so. Additionally, before workers can enter a permit space, the employer has to write a permit that specifies what safety measures must to be taken and who is allowed to go in."
4,How do I know whether to follow the general industry or construction confined space rule?,If you are doing construction work - such as building a new structure or upgrading an old one - then you must follow the construction confined space rule. If you are doing construction work - such as building a new structure or upgrading an old one - then you must follow the construction confined space rule.
5,I've been following the general industry rule. What is new or different about the construction rule?,"There are 5 key differences from the construction rule, and several areas where OSHA has clarified existing requirements. The five new requirements include: More detailed provisions requiring coordinated activities when there are multiple employers at the worksite (for more detail, see question 16 , below). This will ensure hazards are not introduced into a confined space by workers performing tasks outside the space. An example would be a generator running near the entrance of a confined space causing a buildup of carbon monoxide within the space. Requiring a competent person to evaluate the work site and identify confined spaces, including permit spaces. Requiring continuous atmospheric monitoring whenever possible. Requiring continuous monitoring of engulfment hazards. For example, when workers are performing work in a storm sewer, a storm upstream from the workers could cause flash flooding. An electronic sensor or observer posted upstream from the work site could alert workers in the space at the first sign of the hazard, giving the workers time to evacuate the space safely. Allowing for the suspension of a permit, instead of cancellation, in the event of changes from the entry conditions list on the permit or an unexpected event requiring evacuation of the space. The space must be returned to the entry conditions listed on the permit before re-entry. In addition, OSHA has added provisions to the new rule that clarifies existing requirements in the General Industry standard. These include: Requiring that employers who direct workers to enter a space without using a complete permit system prevent workers' exposure to physical hazards through elimination of the hazard or isolation methods such as lockout/tagout. Requiring that employers who are relying on local emergency services for emergency services arrange for responders to give the employer advance notice if they will be unable to respond for a period of time (because they are responding to another emergency, attending department-wide training, etc.). Requiring employers to provide training in a language and vocabulary that the worker understands. Finally, several terms have been added to the definitions for the construction rule, such as ""entry employer"" to describe the employer who directs workers to enter a space, and ""entry rescue"", added to clarify the differences in the types of rescue employers can use. There are 5 key differences from the construction rule, and several areas where OSHA has clarified existing requirements. The five new requirements include: More detailed provisions requiring coordinated activities when there are multiple employers at the worksite (for more detail, see question 16 , below). This will ensure hazards are not introduced into a confined space by workers performing tasks outside the space. An example would be a generator running near the entrance of a confined space causing a buildup of carbon monoxide within the space. Requiring a competent person to evaluate the work site and identify confined spaces, including permit spaces. Requiring continuous atmospheric monitoring whenever possible. Requiring continuous monitoring of engulfment hazards. For example, when workers are performing work in a storm sewer, a storm upstream from the workers could cause flash flooding. An electronic sensor or observer posted upstream from the work site could alert workers in the space at the first sign of the hazard, giving the workers time to evacuate the space safely. Allowing for the suspension of a permit, instead of cancellation, in the event of changes from the entry conditions list on the permit or an unexpected event requiring evacuation of the space. The space must be returned to the entry conditions listed on the permit before re-entry. More detailed provisions requiring coordinated activities when there are multiple employers at the worksite (for more detail, see question 16 , below). This will ensure hazards are not introduced into a confined space by workers performing tasks outside the space. An example would be a generator running near the entrance of a confined space causing a buildup of carbon monoxide within the space. Requiring a competent person to evaluate the work site and identify confined spaces, including permit spaces. Requiring continuous atmospheric monitoring whenever possible. Requiring continuous monitoring of engulfment hazards. For example, when workers are performing work in a storm sewer, a storm upstream from the workers could cause flash flooding. An electronic sensor or observer posted upstream from the work site could alert workers in the space at the first sign of the hazard, giving the workers time to evacuate the space safely. Allowing for the suspension of a permit, instead of cancellation, in the event of changes from the entry conditions list on the permit or an unexpected event requiring evacuation of the space. The space must be returned to the entry conditions listed on the permit before re-entry. In addition, OSHA has added provisions to the new rule that clarifies existing requirements in the General Industry standard. These include: Requiring that employers who direct workers to enter a space without using a complete permit system prevent workers' exposure to physical hazards through elimination of the hazard or isolation methods such as lockout/tagout. Requiring that employers who are relying on local emergency services for emergency services arrange for responders to give the employer advance notice if they will be unable to respond for a period of time (because they are responding to another emergency, attending department-wide training, etc.). Requiring employers to provide training in a language and vocabulary that the worker understands. Requiring that employers who direct workers to enter a space without using a complete permit system prevent workers' exposure to physical hazards through elimination of the hazard or isolation methods such as lockout/tagout. Requiring that employers who are relying on local emergency services for emergency services arrange for responders to give the employer advance notice if they will be unable to respond for a period of time (because they are responding to another emergency, attending department-wide training, etc.). Requiring employers to provide training in a language and vocabulary that the worker understands. Finally, several terms have been added to the definitions for the construction rule, such as ""entry employer"" to describe the employer who directs workers to enter a space, and ""entry rescue"", added to clarify the differences in the types of rescue employers can use."
6,Why did OSHA believe that the former standard needed to be changed?,Previously the only requirement for confined spaces in construction was training. OSHA concluded this was inadequate as injuries and fatalities continued to occur. Previously the only requirement for confined spaces in construction was training. OSHA concluded this was inadequate as injuries and fatalities continued to occur.
7,How does the new final rule differ from the rules that previously applied to construction work performed in confined spaces?,"The rule requires employers to determine what kinds of spaces their workers are in, what hazards could be there, how those hazards should be made safe, what training workers should receive, and how to rescue those workers if anything goes wrong. The rule requires employers to determine what kinds of spaces their workers are in, what hazards could be there, how those hazards should be made safe, what training workers should receive, and how to rescue those workers if anything goes wrong."
8,When does the new rule go into effect?,"August 3, 2015 August 3, 2015"
9,Do employers have to have a written confined space program?,"Yes, if workers will enter permit spaces. Yes, if workers will enter permit spaces."
10,Where can I find the final rule for Confined Spaces in Construction?,"The confined spaces standard can be found at www.osha.gov under 29 CFR Part 1926 Subpart AA - Confined Spaces in Construction. An electronic copy of the regulatory text can be accessed from OSHA's construction webpage at final rule . The preamble to the final rule can also be found on OSHA's website under ""Federal Register Notices"" for May 4, 2015 or on the Federal Register website ( https://www.federalregister.gov/ ) under Vol. 80, page 25365 . The confined spaces standard can be found at www.osha.gov under 29 CFR Part 1926 Subpart AA - Confined Spaces in Construction. An electronic copy of the regulatory text can be accessed from OSHA's construction webpage at final rule . The preamble to the final rule can also be found on OSHA's website under ""Federal Register Notices"" for May 4, 2015 or on the Federal Register website ( https://www.federalregister.gov/ ) under Vol. 80, page 25365 ."
11,Where can I get a hard copy of the final rule?,"The final rule is available in 29 CFR Part 1926, which can be ordered from the Government Printing Office at 29 CFR Part 1926 . The final rule is available in 29 CFR Part 1926, which can be ordered from the Government Printing Office at 29 CFR Part 1926 ."
12,How can I contact OSHA if I have questions about the final rule?,"For compliance assistance regarding application of the final rule contact: Directorate of Construction, Room N3468, OSHA,"
13,Who is affected by Subpart AA?,All construction employers whose workers may be exposed to confined space hazards. All construction employers whose workers may be exposed to confined space hazards.
14,"Do I need to do anything if there are permit spaces at the worksite, but my employees will not need to enter the permit space?","Yes, you must take effective steps to prevent your employees from entering the space. Yes, you must take effective steps to prevent your employees from entering the space."
15,If I hire a contractor (or subcontractor) to do work in a confined space do I have any responsibilities?,"Yes, Controlling contractors and host employers must discuss spaces on the site and their hazards with entry employers and each other before and after entry ( see question 16 , below). Yes, Controlling contractors and host employers must discuss spaces on the site and their hazards with entry employers and each other before and after entry ( see question 16 , below)."
16,"Tell me more about the conversations between host employers, controlling contractors, and entry employers.","The above diagram shows the information flow and coordination between these employers The rule makes the controlling contractor, rather than the host employer, the primary point of contact for information about permit spaces at the work site. The host employer must provide information it has about permit spaces at the work site to the controlling contractor, who then passes it on to the employers whose employees will enter the spaces (entry employers). Likewise, entry employers must give the controlling contractor information about their entry program and hazards they encounter in the space, and the controlling contractor passes that information on to other entry employers and back to the host. As mentioned above, the controlling contractor is also responsible for making sure employers outside a space know not to create hazards in the space, and that entry employers working in a space at the same time do not create hazards for one another's workers. The above diagram shows the information flow and coordination between these employers The rule makes the controlling contractor, rather than the host employer, the primary point of contact for information about permit spaces at the work site. The host employer must provide information it has about permit spaces at the work site to the controlling contractor, who then passes it on to the employers whose employees will enter the spaces (entry employers). Likewise, entry employers must give the controlling contractor information about their entry program and hazards they encounter in the space, and the controlling contractor passes that information on to other entry employers and back to the host. As mentioned above, the controlling contractor is also responsible for making sure employers outside a space know not to create hazards in the space, and that entry employers working in a space at the same time do not create hazards for one another's workers."
17,What standard should I follow if my workers are doing construction AND general industry work in confined spaces?,An employer whose workers are engaged in both construction and general industry work in confined spaces will meet OSHA requirements if that employer meets the requirements of 29 CFR 1926 Subpart AA - Confined Spaces in Construction. An employer whose workers are engaged in both construction and general industry work in confined spaces will meet OSHA requirements if that employer meets the requirements of 29 CFR 1926 Subpart AA - Confined Spaces in Construction.
18,Twenty-eight states and territories have their own OSHA-approved safety and health plans; will those states be required to adopt the new standard?,"Yes, Twenty-two states or territories currently operate their own OSHA-approved State Plans (covering private sector and state and local government employees), and five additional states and one territory (Connecticut, Illinois, New Jersey, New York and the Virgin Islands) operate plans that cover state and local government employees only. State Plans have and enforce their own occupational safety and health standards that are required to be at least as effective as OSHA's. Many State Plans adopt OSHA's standards identically, but some State Plans may have different or more stringent requirements. Yes, Twenty-two states or territories currently operate their own OSHA-approved State Plans (covering private sector and state and local government employees), and five additional states and one territory (Connecticut, Illinois, New Jersey, New York and the Virgin Islands) operate plans that cover state and local government employees only. State Plans have and enforce their own occupational safety and health standards that are required to be at least as effective as OSHA's. Many State Plans adopt OSHA's standards identically, but some State Plans may have different or more stringent requirements."
19,Where can I get more information about construction work in confined spaces?,More information is available at the www.osha.gov . More information is available at the www.osha.gov .
20,"Paragraph 1926.1203(a) requires that each employer ensure that a competent person identifies all confined spaces in which one or more of the employees it directs may work, and identifies each space that is a permit space, through consideration and evaluation of the elements of that space, including testing as necessary. If the competent person must enter the space to assess its characteristics and potential hazards, must the competent person treat the space as a permit-required confined space?","If the competent person can reasonably foresee the presence of a hazard or potential hazard that would make the space a permit-required confined space (see response to Question 2 ), the competent person must treat the space as a permit-required confined space when entering the space to assess it. However, if the competent person cannot reasonably foresee the presence of such a hazard, the competent person would not need to treat the space as a permit-required confined space when entering the space to assess it. Of course, if the competent person encounters such a hazard when assessing the space, whether or not the hazard was reasonably foreseeable, the competent person must treat the space as a permit-required space after identifying the hazard. If the competent person can reasonably foresee the presence of a hazard or potential hazard that would make the space a permit-required confined space (see response to Question 2 ), the competent person must treat the space as a permit-required confined space when entering the space to assess it. However, if the competent person cannot reasonably foresee the presence of such a hazard, the competent person would not need to treat the space as a permit-required confined space when entering the space to assess it. Of course, if the competent person encounters such a hazard when assessing the space, whether or not the hazard was reasonably foreseeable, the competent person must treat the space as a permit-required space after identifying the hazard."
21,"Does the Standard impose additional requirements on ""permit-required confined spaces"" beyond those imposed for ""confined spaces""?","Yes. In fact, the vast majority of the Standard's requirements only apply to permit-required confined spaces, and attics, basements, and crawl spaces in a residential home will not typically trigger these requirements. Once the employer's competent person 1 performs an initial evaluation and determines that a confined space does not require a permit (1926.1203(a)), the employer's only further obligations under the Standard are to have a competent person reevaluate the space and, if necessary, reclassify it as a permit-required confined space if changes in the use or configuration of the space occur that could increase the hazards or potential hazards to entrants or if the employer has any indication that the initial evaluation may have been inadequate (1926.1203(f)). If the employer's competent person determines that the space is a permit-required confined space, the following provisions also apply: entry communication and coordination (1926.1203(h)), permit-required confined space program (1926.1204), permitting process (1926.1205), entry permit (1926.1206), training (1926.1207), duties of authorized entrants, attendants, and entry supervisors (1926.1208-1210), and rescue and emergency services (1926.1211). 1: A competent person means someone who is capable of identifying existing and predictable hazards in the surroundings or working conditions which are unsanitary, hazardous, or dangerous to employees, and who has the authorization to take prompt corrective measures to eliminate them (see 1926.1202 definition of ""competent person""). Yes. In fact, the vast majority of the Standard's requirements only apply to permit-required confined spaces, and attics, basements, and crawl spaces in a residential home will not typically trigger these requirements. Once the employer's competent person 1 performs an initial evaluation and determines that a confined space does not require a permit (1926.1203(a)), the employer's only further obligations under the Standard are to have a competent person reevaluate the space and, if necessary, reclassify it as a permit-required confined space if changes in the use or configuration of the space occur that could increase the hazards or potential hazards to entrants or if the employer has any indication that the initial evaluation may have been inadequate (1926.1203(f)). If the employer's competent person determines that the space is a permit-required confined space, the following provisions also apply: entry communication and coordination (1926.1203(h)), permit-required confined space program (1926.1204), permitting process (1926.1205), entry permit (1926.1206), training (1926.1207), duties of authorized entrants, attendants, and entry supervisors (1926.1208-1210), and rescue and emergency services (1926.1211). 1: A competent person means someone who is capable of identifying existing and predictable hazards in the surroundings or working conditions which are unsanitary, hazardous, or dangerous to employees, and who has the authorization to take prompt corrective measures to eliminate them (see 1926.1202 definition of ""competent person"")."
22,"Does the characteristic ""contains or has the potential to contain a hazardous atmosphere"" in the definition of ""permit-required confined space"" refer only to those atmospheres which pose an acute hazard?","Yes. Where employees are exposed to hazardous atmospheres that do not present an immediate danger of death or impairment that could impede the employee's ability to exit the confined space without assistance, OSHA's health standards for those hazards apply, rather than the Confined Spaces in Construction Standard (see 1926.1202 definition of ""hazardous atmosphere""). Yes. Where employees are exposed to hazardous atmospheres that do not present an immediate danger of death or impairment that could impede the employee's ability to exit the confined space without assistance, OSHA's health standards for those hazards apply, rather than the Confined Spaces in Construction Standard (see 1926.1202 definition of ""hazardous atmosphere"")."
23,"In some residential home building 2 projects, the home builder constructs multiple homes with the same or similar basic configuration. If the presence or absence of any potential hazard in an attic, crawl space, or basement is known, does the Standard require a competent person to examine each attic, crawl space, or basement in each home to make a determination as to whether the space is a permit-required confined space?","No. The standard requires a competent person to identify all permit-required confined spaces in which employees may work ""through consideration and evaluation of the elements of that space, including testing as necessary."" 1926.1203(a). If a competent person can reliably determine whether attics, crawl spaces, or basements with the same or similar configuration contain one of the hazards or potential hazards listed in response to Question 2 without physically inspecting each of the spaces, the competent person need not physically examine each space to make the identification required under 1926.1203(a). 2: As used in these FAQs, ""residential home building"" or ""residential home construction"" refers to work on any residence being built using traditional wood frame construction materials, methods, and procedures that are typical to single-family home or townhouse construction. Traditional wood frame construction materials and methods include (1) framing materials – wood (or equivalent cold-formed sheet metal stud) framing (not steel or concrete), wooden floor joists and roof structures; (2) exterior wall structure – wood (or equivalent cold-formed sheet metal stud) framing or masonry brick or block; and (3) methods – traditional wood frame construction techniques (see OSHA's Compliance Guidance for Residential Construction, STD 03-11-002 (June 6, 2011), available on OSHA's website). Work on multi-family residences may also be considered ""residential home building"" or ""residential home construction"" provided that the work similarly meets the criteria set forth above. No. The standard requires a competent person to identify all permit-required confined spaces in which employees may work ""through consideration and evaluation of the elements of that space, including testing as necessary."" 1926.1203(a). If a competent person can reliably determine whether attics, crawl spaces, or basements with the same or similar configuration contain one of the hazards or potential hazards listed in response to Question 2 without physically inspecting each of the spaces, the competent person need not physically examine each space to make the identification required under 1926.1203(a). 2: As used in these FAQs, ""residential home building"" or ""residential home construction"" refers to work on any residence being built using traditional wood frame construction materials, methods, and procedures that are typical to single-family home or townhouse construction. Traditional wood frame construction materials and methods include (1) framing materials – wood (or equivalent cold-formed sheet metal stud) framing (not steel or concrete), wooden floor joists and roof structures; (2) exterior wall structure – wood (or equivalent cold-formed sheet metal stud) framing or masonry brick or block; and (3) methods – traditional wood frame construction techniques (see OSHA's Compliance Guidance for Residential Construction, STD 03-11-002 (June 6, 2011), available on OSHA's website). Work on multi-family residences may also be considered ""residential home building"" or ""residential home construction"" provided that the work similarly meets the criteria set forth above."
24,"Does the mere presence of a physical hazard in an attic, crawl space, or basement (before steps are installed) make the space a permit-required confined space under the Standard?","No. However, if the attic, crawl space, or basement (before steps are installed) is a confined space, the presence of a physical hazard in the space would trigger the permit-required confined space requirements if the physical hazard is not isolated 3 (see 1926.1203(g)) or if there is potential employee exposure to the physical hazard. Note that not all unsafe conditions constitute ""physical hazards,"" which the standard defines as only those conditions that could impede an entrant's ability to exit the space without assistance. 3: For physical hazards, the Standard defines the term ""isolate"" as ""the process by which employees are completely protected against . . . contact with a physical hazard, by means such as Blanking or blinding; misaligning or removing sections of lines, pipes, or ducts; a double block and bleed system; lockout or tagout of all sources of energy; blocking or disconnecting all mechanical linkages; or placement of barriers to eliminate the potential for employee contact with a physical hazard."" 1926.1202. Guarding by location is also an acceptable means of isolation under the Standard (see response to Question 61). No. However, if the attic, crawl space, or basement (before steps are installed) is a confined space, the presence of a physical hazard in the space would trigger the permit-required confined space requirements if the physical hazard is not isolated 3 (see 1926.1203(g)) or if there is potential employee exposure to the physical hazard. Note that not all unsafe conditions constitute ""physical hazards,"" which the standard defines as only those conditions that could impede an entrant's ability to exit the space without assistance. 3: For physical hazards, the Standard defines the term ""isolate"" as ""the process by which employees are completely protected against . . . contact with a physical hazard, by means such as Blanking or blinding; misaligning or removing sections of lines, pipes, or ducts; a double block and bleed system; lockout or tagout of all sources of energy; blocking or disconnecting all mechanical linkages; or placement of barriers to eliminate the potential for employee contact with a physical hazard."" 1926.1202. Guarding by location is also an acceptable means of isolation under the Standard (see response to Question 61)."
25,"Does the presence of electrical equipment in an attic, crawl space, or basement (before steps are installed) automatically make the attic, crawl space, or basement (before steps are installed) a permit-required confined space?","No. Only if an entrant has exposure to a serious hazard associated with the electrical equipment, such as an exposed live conductor, and the exposure could impede the entrant's ability to exit the space without assistance, would the presence of electrical equipment make the attic, crawl space, or basement (before steps are installed) a permit-required confined space. No. Only if an entrant has exposure to a serious hazard associated with the electrical equipment, such as an exposed live conductor, and the exposure could impede the entrant's ability to exit the space without assistance, would the presence of electrical equipment make the attic, crawl space, or basement (before steps are installed) a permit-required confined space."
26,"Is a dimly lit attic, crawl space, or basement (before steps are installed) necessarily a permit-required confined space?","No. A confined space with limited lighting alone would not be considered a permit-required confined space, provided that the limited lighting could not impede an entrant's ability to exit the space without assistance. 4 4: Note, however, that dimly lit spaces can potentially pose other safety hazards, and lighting must comply with 29 C.F.R 1926.56. No. A confined space with limited lighting alone would not be considered a permit-required confined space, provided that the limited lighting could not impede an entrant's ability to exit the space without assistance. 4 4: Note, however, that dimly lit spaces can potentially pose other safety hazards, and lighting must comply with 29 C.F.R 1926.56."
27,"Does the mere presence of animals in an attic, crawl space, or basement (before steps are installed) that is a confined space automatically make the attic, crawl space, or basement (before steps are installed) a permit-required confined space?","No. The presence of animals would only make a confined space a permit-required confined space if the animals posed a physical hazard, as defined by the standard. No. The presence of animals would only make a confined space a permit-required confined space if the animals posed a physical hazard, as defined by the standard."
28,"Does the presence of water in an attic, crawl space, or basement (before steps are installed) that is a confined space always make the attic, crawl space, or basement (before steps are installed) a permit-required confined space?",No. No.
29,"Are attics, crawl spaces, or basements (before steps are installed) containing utility service lines (e.g., water, natural gas, fuel oil, sewage, steam and electric power) that pass through them always considered to be permit-required confined spaces?","No. If utility services pass through attics, crawl spaces, or basements (before steps are installed) that are confined spaces, the inherent hazards of the material flowing through the service lines do not have to be considered in the permit space determination unless it is reasonably foreseeable that a rupture or leak could occur such that the contents of the service lines could cause a serious safety or health hazard that could impede an entrant's ability to exit the space without assistance. No. If utility services pass through attics, crawl spaces, or basements (before steps are installed) that are confined spaces, the inherent hazards of the material flowing through the service lines do not have to be considered in the permit space determination unless it is reasonably foreseeable that a rupture or leak could occur such that the contents of the service lines could cause a serious safety or health hazard that could impede an entrant's ability to exit the space without assistance."
30,Are all attics in a residential home considered confined spaces under the Standard?,"No. A confined space is a space that (1) is large enough and so configured that an employee can bodily enter it; (2) has limited or restricted means for entry and exit; and (3) is not designed for continuous employee occupancy. All three criteria must be met for an attic to be considered a confined space. In many instances, an attic will not be considered a confined space because there is not limited or restricted means for entry and exit. For example, attics with a permanent, full-size doorway and/or stairwell access would rarely 5 meet the definition of a confined space, provided there are no other impediments to egress. An attic under construction where there is no drywall in place would also not have limited or restricted means for entry or exit and would not be considered a confined space. 5: See response to Question 38 regarding stairwell access to attics. No. A confined space is a space that (1) is large enough and so configured that an employee can bodily enter it; (2) has limited or restricted means for entry and exit; and (3) is not designed for continuous employee occupancy. All three criteria must be met for an attic to be considered a confined space. In many instances, an attic will not be considered a confined space because there is not limited or restricted means for entry and exit. For example, attics with a permanent, full-size doorway and/or stairwell access would rarely 5 meet the definition of a confined space, provided there are no other impediments to egress. An attic under construction where there is no drywall in place would also not have limited or restricted means for entry or exit and would not be considered a confined space. 5: See response to Question 38 regarding stairwell access to attics."
31,Are attics that are confined spaces generally considered permit-required confined spaces?,No. Attics that are determined to be confined spaces would generally not be permit-required confined spaces because they typically do not contain the types of hazards or potential hazards that make a confined space a permit-required confined space (see response to Question 2 ). No. Attics that are determined to be confined spaces would generally not be permit-required confined spaces because they typically do not contain the types of hazards or potential hazards that make a confined space a permit-required confined space (see response to Question 2 ).
32,Does the presence of a fall hazard alone in an attic make an attic a permit-required confined space?,"No. A fall hazard in an attic – such as falling through the drywall of the attic – could cause a serious injury. However, fall hazards within an attic would not generally impede the ability of an entrant to exit the space without assistance and therefore would not trigger the permit-required confined space requirements. OSHA notes that even though permit-required confined space requirements would not be triggered in this situation, employers would still be obligated to protect their employees from fall hazards – as appropriate and required – when they are working in an attic where fall hazards exist. No. A fall hazard in an attic – such as falling through the drywall of the attic – could cause a serious injury. However, fall hazards within an attic would not generally impede the ability of an entrant to exit the space without assistance and therefore would not trigger the permit-required confined space requirements. OSHA notes that even though permit-required confined space requirements would not be triggered in this situation, employers would still be obligated to protect their employees from fall hazards – as appropriate and required – when they are working in an attic where fall hazards exist."
33,Does the presence of a mechanical fan in an attic automatically make the attic a permit-required confined space?,No. The presence of a mechanical fan would only make the attic a permit-required confined space if it is reasonably foreseeable that the fan could cause an injury that could impede an entrant's ability to exit the space without assistance. No. The presence of a mechanical fan would only make the attic a permit-required confined space if it is reasonably foreseeable that the fan could cause an injury that could impede an entrant's ability to exit the space without assistance.
34,Does the presence of asbestos in an attic make the attic a permit-required confined space?,"No. Asbestos would not trigger the permit-required confined space requirements of the Standard. However, if asbestos were present in an attic, an employer would need to follow any applicable requirements of OSHA's asbestos standards. No. Asbestos would not trigger the permit-required confined space requirements of the Standard. However, if asbestos were present in an attic, an employer would need to follow any applicable requirements of OSHA's asbestos standards."
35,"When does an employee perform an ""entry"" into an attic for purposes of the Standard?","The Standard defines ""entry"" as the action by which any part of a person passes through an opening into a permit-required confined space . Thus, regardless of whether or not such action is intentional or any work activities are actually performed in the space, if any body part of an entrant breaks the plane of an attic opening, that would constitute an entry under the Standard, provided that the attic also meets the requirements of a permit-required confined space . The Standard defines ""entry"" as the action by which any part of a person passes through an opening into a permit-required confined space . Thus, regardless of whether or not such action is intentional or any work activities are actually performed in the space, if any body part of an entrant breaks the plane of an attic opening, that would constitute an entry under the Standard, provided that the attic also meets the requirements of a permit-required confined space ."
36,"In the residential home building industry, frequently an employee will need to perform a final inspection of an attic before turning over a home to a home owner. This inspection is often of limited duration. Does this inspection constitute an ""entry"" into a permit-required confined space under the Standard if there is no reasonably foreseeable hazard present?","No. A final inspection of an attic would rarely constitute an ""entry"" because even if an attic were a confined space, it would not normally contain any of the hazards or potential hazards that would trigger the permit-required confined space requirements of the Standard: (1) contains or has the potential to contain a hazardous atmosphere; (2) contains a material that has the potential for engulfing an entrant; (3) has an internal configuration such that an entrant could be trapped or asphyxiated by inwardly converging walls or by a floor which slopes downward and tapers to a smaller cross-section; or (4) contains any other recognized serious safety or health hazard (see 1926.1202). An entry employer may rely on a competent person's expertise and experience in determining whether the presence of such a hazard or potential hazard is reasonably foreseeable during such an inspection or any other time when it is necessary to enter into an attic that is a confined space. If the attic is a permit-required confined space, the employer must comply with the permit-required confined space provisions of the Standard whenever there is an entry regardless of the duration of the entry. The same analysis would apply to other inspections conducted by employees either at the outset of a construction project or as the project progresses. If there is no reasonably foreseeable hazard or potential hazard present in an attic or any other space during the construction process, the permit-required confined space requirements would not be triggered. No. A final inspection of an attic would rarely constitute an ""entry"" because even if an attic were a confined space, it would not normally contain any of the hazards or potential hazards that would trigger the permit-required confined space requirements of the Standard: (1) contains or has the potential to contain a hazardous atmosphere; (2) contains a material that has the potential for engulfing an entrant; (3) has an internal configuration such that an entrant could be trapped or asphyxiated by inwardly converging walls or by a floor which slopes downward and tapers to a smaller cross-section; or (4) contains any other recognized serious safety or health hazard (see 1926.1202). An entry employer may rely on a competent person's expertise and experience in determining whether the presence of such a hazard or potential hazard is reasonably foreseeable during such an inspection or any other time when it is necessary to enter into an attic that is a confined space. If the attic is a permit-required confined space, the employer must comply with the permit-required confined space provisions of the Standard whenever there is an entry regardless of the duration of the entry. The same analysis would apply to other inspections conducted by employees either at the outset of a construction project or as the project progresses. If there is no reasonably foreseeable hazard or potential hazard present in an attic or any other space during the construction process, the permit-required confined space requirements would not be triggered."
37,How hot must it be in an attic that is a confined space for the attic to be considered a permit-required confined space under the Standard?,"Extreme heat can be considered a serious physical hazard in attics such that the attics could be considered permit-required confined spaces. OSHA has not quantified how hot it must be to trigger the permit-required confined space requirements. However, the heat must be so extreme that it could potentially impede an entrant's ability to exit the attic without assistance. Factors that the Agency would consider are (1) the temperature of the space while work is performed, (2) the nature and duration of the tasks performed in the heat, and (3) whether the entrant is acclimatized to work in extreme heat. A short-duration, light-duty task performed in a hot attic would typically not constitute a physical hazard triggering the permit-required confined space requirements. In addition, measures to control the heat in an attic (e.g., use of a fan) will be considered by the Agency in determining whether a serious hazard exists in the first instance. Extreme heat can be considered a serious physical hazard in attics such that the attics could be considered permit-required confined spaces. OSHA has not quantified how hot it must be to trigger the permit-required confined space requirements. However, the heat must be so extreme that it could potentially impede an entrant's ability to exit the attic without assistance. Factors that the Agency would consider are (1) the temperature of the space while work is performed, (2) the nature and duration of the tasks performed in the heat, and (3) whether the entrant is acclimatized to work in extreme heat. A short-duration, light-duty task performed in a hot attic would typically not constitute a physical hazard triggering the permit-required confined space requirements. In addition, measures to control the heat in an attic (e.g., use of a fan) will be considered by the Agency in determining whether a serious hazard exists in the first instance."
38,"Many new residential homes are constructed with pull down stair access to the attics, often referred to as ""disappearing attic stairways."" For attics that use this type of stair access, would OSHA consider the attics to be confined spaces?","Whether an attic with pull down stair access would be considered a confined space depends on whether the configuration of the stairs impedes the ability of employees to exit the space. Ladder-like pull down stairs that require employees to ascend/descend hand-over-hand, limit egress and could therefore render an attic a confined space. An attic that can be accessed via pull down stairs that resemble the structure of a stationary stairway and do not require an employee to ascend/descend hand-over-hand would not be considered a confined space if there are no impediments to egress. Whether an attic with pull down stair access would be considered a confined space depends on whether the configuration of the stairs impedes the ability of employees to exit the space. Ladder-like pull down stairs that require employees to ascend/descend hand-over-hand, limit egress and could therefore render an attic a confined space. An attic that can be accessed via pull down stairs that resemble the structure of a stationary stairway and do not require an employee to ascend/descend hand-over-hand would not be considered a confined space if there are no impediments to egress."
39,"During some residential home building projects, employees may be performing work activities in an attic with no atmospheric or physical hazards present. However, after starting work, another crew of employees may perform activities outside of the space (e.g., painting or staining parts of a home outside of the attic) that could impact conditions in the attic. Does the performance of duties outside of an attic typically turn a ""confined space"" into a ""permit-required confined space""?","No. The performance of duties outside of an attic would only turn a ""confined space"" into a ""permit-required confined space"" if the work outside of the attic could create a hazardous atmosphere or physical hazard in the attic that could impede the ability of an entrant to safely exit the space without assistance. It would be rare for this to occur in the residential home building environment. For example, the use of portable power tools outside of an attic will rarely, if ever, create a noise hazard such that it would impede the ability of an entrant to safely exit the attic without assistance. Similarly, performing painting and staining outside of an attic will rarely create a hazard that would impede the ability of an entrant to safely exit an attic without assistance. However, using certain high VOC (volatile organic compound) solvents in paint thinners or in floor stripping could potentially create a hazardous atmosphere in an adjacent attic or other confined space. No. The performance of duties outside of an attic would only turn a ""confined space"" into a ""permit-required confined space"" if the work outside of the attic could create a hazardous atmosphere or physical hazard in the attic that could impede the ability of an entrant to safely exit the space without assistance. It would be rare for this to occur in the residential home building environment. For example, the use of portable power tools outside of an attic will rarely, if ever, create a noise hazard such that it would impede the ability of an entrant to safely exit the attic without assistance. Similarly, performing painting and staining outside of an attic will rarely create a hazard that would impede the ability of an entrant to safely exit an attic without assistance. However, using certain high VOC (volatile organic compound) solvents in paint thinners or in floor stripping could potentially create a hazardous atmosphere in an adjacent attic or other confined space."
40,"During remodeling work on residential homes, the remodelers will often need to enter a confined space to assess certain aspects of the construction of the home (e.g., electrical wiring, location of plumbing lines, etc.). Do employees performing this initial assessment have to follow the permit-required confined space requirements of the Standard?","A competent person must assess these spaces to determine whether they are permit-required confined spaces prior to any entry. The employer will only need to follow the requirements of a permit-required confined space program if, based on the competent person's assessment, the employer has reason to believe the space is a permit-required confined space. It would be rare that a remodeler would need to follow the permit-required confined space requirements in this situation because most confined spaces in a residential home will not contain the hazards that would trigger the permit-required confined space provisions: (1) contains or has the potential to contain a hazardous atmosphere; (2) contains a material that has the potential for engulfing an entrant; (3) has an internal configuration such that an entrant could be trapped or asphyxiated by inwardly converging walls or by a floor which slopes downward and tapers to a smaller cross-section; or (4) contains any other recognized serious safety or health hazard (see 1926.1202). A competent person must assess these spaces to determine whether they are permit-required confined spaces prior to any entry. The employer will only need to follow the requirements of a permit-required confined space program if, based on the competent person's assessment, the employer has reason to believe the space is a permit-required confined space. It would be rare that a remodeler would need to follow the permit-required confined space requirements in this situation because most confined spaces in a residential home will not contain the hazards that would trigger the permit-required confined space provisions: (1) contains or has the potential to contain a hazardous atmosphere; (2) contains a material that has the potential for engulfing an entrant; (3) has an internal configuration such that an entrant could be trapped or asphyxiated by inwardly converging walls or by a floor which slopes downward and tapers to a smaller cross-section; or (4) contains any other recognized serious safety or health hazard (see 1926.1202)."
41,"If an HVAC unit in an attic that is a confined space needs repair, requiring a contractor to enter the attic to perform certain activities to fix the unit, is that entry into the attic covered by OSHA's Confined Spaces in Construction Standard?","No, provided the repair is considered maintenance work on the unit (covered by the general industry standards) such as adjusting existing equipment or replacing component parts in kind. However, upgrading the HVAC system or its component parts would be considered construction work covered by the Standard. 6 This would also be the case for any other piece of equipment in an attic that is a confined space. 6: This response is consistent with OSHA's general policy on distinguishing between general industry and construction work as described in a Letter of Interpretation from OSHA to Raymond V. Knobbs issued on November 18, 2003, available on OSHA's website. No, provided the repair is considered maintenance work on the unit (covered by the general industry standards) such as adjusting existing equipment or replacing component parts in kind. However, upgrading the HVAC system or its component parts would be considered construction work covered by the Standard. 6 This would also be the case for any other piece of equipment in an attic that is a confined space. 6: This response is consistent with OSHA's general policy on distinguishing between general industry and construction work as described in a Letter of Interpretation from OSHA to Raymond V. Knobbs issued on November 18, 2003, available on OSHA's website."
42,"Some attics in residential homes are accessed through standard door openings, which include the following dimensions: 24"" x 80"", 30"" x 80"", 32"" x 78"", 32"" x 79"", 32"" x 80"", 34"" x 80"", 36"" x 78"", 36"" x 79"", 36"" x 80"", 38"" x 82"", 42"" x 80"", 60"" x 80"", 64"" x 80"", 68"" x 80"", 72"" x 80"", 74"" x 96"". For attics with entry doors of standard dimensions, such as those listed above, would OSHA consider the attics to be confined spaces under the Standard, assuming there are no other impediments to access/egress on or around the entrance?","No. Attics with full-sized doors at least two feet in width and six feet, six inches in height would not meet the definition of a confined space, provided the path to the entrance and area around the entrance are kept clear of structural or temporary impediments to egress. No. Attics with full-sized doors at least two feet in width and six feet, six inches in height would not meet the definition of a confined space, provided the path to the entrance and area around the entrance are kept clear of structural or temporary impediments to egress."
43,Is the contractor who creates a permit-required confined space responsible for placing a warning sign on or around the entrance to the space warning of the existence of a permit-required confined space?,"Only an employer that should reasonably anticipate that the employees it directs may enter a permit-required confined space is required to post a sign or other equally effective means to warn employees of the location of and danger posed by the permit-required confined space. For example, if a contractor affixes drywall to the roof trusses of a residential home and creates a confined space, that contractor is not required to post a warning sign that the attic constitutes a permit-required confined space, unless (1) the attic meets the criteria of a permit-required confined space, and (2) the contractor should reasonably anticipate that the employees it directs may enter the attic. Only an employer that should reasonably anticipate that the employees it directs may enter a permit-required confined space is required to post a sign or other equally effective means to warn employees of the location of and danger posed by the permit-required confined space. For example, if a contractor affixes drywall to the roof trusses of a residential home and creates a confined space, that contractor is not required to post a warning sign that the attic constitutes a permit-required confined space, unless (1) the attic meets the criteria of a permit-required confined space, and (2) the contractor should reasonably anticipate that the employees it directs may enter the attic."
44,Is the permit for a permit-required confined space required to be posted?,"No. However, the permit must be ""made available"" at the time of entry to all authorized entrants or their authorized representatives. This requirement to make the permit available could be met by posting the permit or by ""any other equally effective means"" (see 1926.1205(c)). No. However, the permit must be ""made available"" at the time of entry to all authorized entrants or their authorized representatives. This requirement to make the permit available could be met by posting the permit or by ""any other equally effective means"" (see 1926.1205(c))."
45,Is a basement in a residential home that is designed for continuous occupancy by a homeowner a confined space under the Standard?,"No, provided the basement is configured as designed (e.g., has permanent stairs, walk-out entry/exit, or egress window installed). No, provided the basement is configured as designed (e.g., has permanent stairs, walk-out entry/exit, or egress window installed)."
46,"Before a set of stairs is installed in a residential home into a basement, home builders may access the space through a walk-in door to/from the outside (i.e., walk-out basement). Under these circumstances, would the basement be considered a confined space?","No. Provided there is a door to/from the outside to the basement, the basement would not be considered a confined space as there would not be limited or restricted means of egress. No. Provided there is a door to/from the outside to the basement, the basement would not be considered a confined space as there would not be limited or restricted means of egress."
47,"In some homes, before a set of stairs is installed into a basement, home builders may access the space through a basement egress window that complies with Section R310 of the 2012 or 2009 International Residential Code. Under these circumstances, would the basement be considered a confined space?","No. If the basement has an egress window that meets the specifications of Section R310 of the 2012 or 2009 International Residential Code, the basement would not be considered a confined space as there would not be limited or restricted means of egress to and from the basement. No. If the basement has an egress window that meets the specifications of Section R310 of the 2012 or 2009 International Residential Code, the basement would not be considered a confined space as there would not be limited or restricted means of egress to and from the basement."
48,"There are some spaces in a residential home that may technically meet the definition of a confined space, but there is no reasonably foreseeable hazard within the space that could impede an employee's ability to exit the space without assistance. Examples of this would be a small pantry or a small space underneath a stairwell in a home. Are these spaces considered permit-required confined spaces under the Standard?","No. Even if the space is a confined space (see response to Question 1 ), if there is no reasonably foreseeable hazard or potential hazard within a space that could impede an entrant's ability to safely exit the space without assistance (see response to Question 2 ), then a residential home builder would not be required to consider the space a permit-required confined space under the Standard. A residential home builder may rely on a competent person's experience and expertise in determining whether any such hazard or potential hazard in a space is reasonably foreseeable. No. Even if the space is a confined space (see response to Question 1 ), if there is no reasonably foreseeable hazard or potential hazard within a space that could impede an entrant's ability to safely exit the space without assistance (see response to Question 2 ), then a residential home builder would not be required to consider the space a permit-required confined space under the Standard. A residential home builder may rely on a competent person's experience and expertise in determining whether any such hazard or potential hazard in a space is reasonably foreseeable."
49,Do the multi-employer communication requirements of 1926.1203(h)(1) of the Standard apply to host employers that do not have employees who work on the worksite?,"No. The requirements only apply to host employers with employees who work at the worksite, regardless of when those workers are at the site. No. The requirements only apply to host employers with employees who work at the worksite, regardless of when those workers are at the site."
50,"Paragraph 1926.1203(h)(1) of the Standard includes requirements for permit space entry communication and coordination. It requires that before entry operations begin, the host employer must provide the following information, if it has it, to the controlling contractor: (1) the location of each known permit space; (2) the hazards or potential hazards in each space or the reason it is a permit space; and (3) any precautions that the host employer or any previous controlling contractor or entry employer implemented for the protection of employees in the permit space. Under the Standard, is the host employer required to perform a separate assessment of all spaces to gather the information required by this paragraph?","No. The Standard only requires the host employer to communicate the information in paragraph (h)(1) if it is known by the host employer. The Standard does not require the host employer to perform a separate assessment to gather the information. In addition, the communication provisions only require host employers to convey the information to the controlling contractor through reasonable means. There is no requirement in the standard for the host employer to verify that the information has been received by the controlling contractor or transmitted to entry employers by the controlling contractor. A host employer that has the information in paragraph (h)(1) need only communicate the information to the controlling contractor one time to satisfy the requirements of the Standard. Additional communications will only be required if the host employer gains additional such information not included in the original communication. No. The Standard only requires the host employer to communicate the information in paragraph (h)(1) if it is known by the host employer. The Standard does not require the host employer to perform a separate assessment to gather the information. In addition, the communication provisions only require host employers to convey the information to the controlling contractor through reasonable means. There is no requirement in the standard for the host employer to verify that the information has been received by the controlling contractor or transmitted to entry employers by the controlling contractor. A host employer that has the information in paragraph (h)(1) need only communicate the information to the controlling contractor one time to satisfy the requirements of the Standard. Additional communications will only be required if the host employer gains additional such information not included in the original communication."
51,Are host employers/controlling contractors responsible for compliance with the permit-required confined space program provisions of the Standard if they have no reason to anticipate that the employees they direct will enter a permit-required confined space?,"No. However, these employers must nonetheless (1) take effective measures to ensure that the employees they direct do not enter any known permit spaces (see 1926.1203(c)), and (2) comply with 1926.1203(h). Otherwise, only employers that should reasonably anticipate that the employees they direct may enter a permit space are responsible for compliance with the permit-required confined space requirements of the Standard. For example, employers that will not direct any employees to enter a confined space are not required to comply with the following provisions of the rule: permit-required confined space program (1926.1204), permitting process (1926.1205), entry permit (1926.1206), training (1926.1207), duties of authorized entrants, attendants, and entry supervisors (1926.1208-1210), and rescue and emergency services (1926.1211). No. However, these employers must nonetheless (1) take effective measures to ensure that the employees they direct do not enter any known permit spaces (see 1926.1203(c)), and (2) comply with 1926.1203(h). Otherwise, only employers that should reasonably anticipate that the employees they direct may enter a permit space are responsible for compliance with the permit-required confined space requirements of the Standard. For example, employers that will not direct any employees to enter a confined space are not required to comply with the following provisions of the rule: permit-required confined space program (1926.1204), permitting process (1926.1205), entry permit (1926.1206), training (1926.1207), duties of authorized entrants, attendants, and entry supervisors (1926.1208-1210), and rescue and emergency services (1926.1211)."
52,Can a residential home builder serving as a host employer or controlling contractor perform a single communication (whether from a host employer to a controlling contractor or from a controlling contractor to an entry employer) to fulfill its obligations under 1926.1203(h) of the Standard provided there are no expected deviations in the presence or absence of potential hazards in a confined space in a home?,"Yes. The Standard does not require multiple communications of the information in paragraph (h) between employers on a residential home building site (whether at a single home building site or a site with multiple homes being constructed) where the potential hazards of confined spaces remain the same or substantially the same as long as any minor differences between the spaces are not relevant to which provisions of the standard apply to the spaces. However, if a host employer or controlling contractor learns of new information relevant to assessing the space under the Standard after an initial communication, the host employer or controlling contractor would need to convey the new information in a subsequent communication. Yes. The Standard does not require multiple communications of the information in paragraph (h) between employers on a residential home building site (whether at a single home building site or a site with multiple homes being constructed) where the potential hazards of confined spaces remain the same or substantially the same as long as any minor differences between the spaces are not relevant to which provisions of the standard apply to the spaces. However, if a host employer or controlling contractor learns of new information relevant to assessing the space under the Standard after an initial communication, the host employer or controlling contractor would need to convey the new information in a subsequent communication."
53,"Does 1926.1203(h) necessarily require entry employers to communicate the specified information before and after each time an employee goes into an attic, basement, or crawl space that is a permit-required confined space?","No. An entry employer must communicate the information required under 1926.1203(h)(3) before ""entry operations"" begin, and it must communicate the information required under 1926.1203(h)(5) after ""entry operations"" have ended. Entry employees may go into and out of the space multiple times while completing the tasks identified on the permit without making additional communications as long as the entry employer maintains control over the space between the pre-entry and post-entry communications required under 1926.1203(h)(3) and (h)(5). In addition, a single pre-entry communication could address entry operations in multiple spaces under 1926.1203(h)(3) and a single post-entry communication could address multiple entry operations under 1926.1203(h)(5), provided each space has its own permit and is addressed in the communication. No. An entry employer must communicate the information required under 1926.1203(h)(3) before ""entry operations"" begin, and it must communicate the information required under 1926.1203(h)(5) after ""entry operations"" have ended. Entry employees may go into and out of the space multiple times while completing the tasks identified on the permit without making additional communications as long as the entry employer maintains control over the space between the pre-entry and post-entry communications required under 1926.1203(h)(3) and (h)(5). In addition, a single pre-entry communication could address entry operations in multiple spaces under 1926.1203(h)(3) and a single post-entry communication could address multiple entry operations under 1926.1203(h)(5), provided each space has its own permit and is addressed in the communication."
54,Do the communication provisions in 1926.1203(h) apply to non-permit confined spaces?,No. These provisions only apply to permit-required confined spaces. Employers who have confined spaces – but not permit-required confined spaces – are under no obligation to follow the communication requirements of the Standard. No. These provisions only apply to permit-required confined spaces. Employers who have confined spaces – but not permit-required confined spaces – are under no obligation to follow the communication requirements of the Standard.
55,Does the exchange of information set forth between employers in 1926.1203(h) have to be in writing?,No. OSHA does not specify how the information is to be exchanged. The Agency will deem it sufficient for each employer to provide the necessary information through any appropriate mechanism. The information exchange requirements can be oral. There is no requirement in the Standard for written communications between employers on multi-employer worksites. No. OSHA does not specify how the information is to be exchanged. The Agency will deem it sufficient for each employer to provide the necessary information through any appropriate mechanism. The information exchange requirements can be oral. There is no requirement in the Standard for written communications between employers on multi-employer worksites.
56,"If an employer chooses to exchange the required information in writing under 1926.1203(h), can the written communication be informal?","Yes. While the exchange of information does not have to be in writing, some employers may choose to establish a mechanism for a written exchange. The written exchange does not have to be formal. It can be performed through email, text message, or other informal means, so long as the required information is provided. Yes. While the exchange of information does not have to be in writing, some employers may choose to establish a mechanism for a written exchange. The written exchange does not have to be formal. It can be performed through email, text message, or other informal means, so long as the required information is provided."
57,"Under 1926.1203(h), is the controlling contractor under any obligation to enter a space to get information to relay to a host employer or entry employer?",No. A controlling contractor only needs to obtain information on permit-required confined spaces from the host employer and entry employer(s) and provide this information and other known information on permit-required confined spaces to a host employer or entry employer. The Standard does not require a controlling contractor to enter spaces to gather information. No. A controlling contractor only needs to obtain information on permit-required confined spaces from the host employer and entry employer(s) and provide this information and other known information on permit-required confined spaces to a host employer or entry employer. The Standard does not require a controlling contractor to enter spaces to gather information.
58,"On multi-employer worksites, is every employer responsible under 1926.1203(a) to assess the worksite to determine the location and presence of confined spaces and information about permit-required confined spaces?","No. Only employers that should reasonably anticipate that the employees they direct may enter confined spaces are required to perform this assessment. For host employers and controlling contractors that have no reason to anticipate that the employees they direct may enter confined spaces, there is no obligation to perform this initial assessment of the worksite. No. Only employers that should reasonably anticipate that the employees they direct may enter confined spaces are required to perform this assessment. For host employers and controlling contractors that have no reason to anticipate that the employees they direct may enter confined spaces, there is no obligation to perform this initial assessment of the worksite."
59,Is a home owner who is not an employer covered by the Standard?,No. The Standard only applies to employers. No. The Standard only applies to employers.
60,Can an entry supervisor also serve as an attendant during an entry into a permit-required confined space?,"Yes. An entry supervisor also may serve as an attendant or as an authorized entrant, as long as that person is trained and equipped as required by the Standard for each role he or she fills. Yes. An entry supervisor also may serve as an attendant or as an authorized entrant, as long as that person is trained and equipped as required by the Standard for each role he or she fills."
61,"The Standard defines isolate or isolation as ""the process by which employees in a confined space are completely protected against the release of energy and material into the space, and contact with a physical hazard, by such means as: blanking or blinding; misaligning or removing sections of lines, pipes, or ducts; a double block and bleed system; lockout or tagout of all sources of energy; blocking or disconnecting all mechanical linkages; or placement of barriers to eliminate the potential for employee contact with a physical hazard."" Is guarding by location an acceptable form of isolation under the Standard","Yes. Guarding by location—that is, configuring the space or equipment in the space to eliminate employee exposure to the hazard—is an acceptable form of isolation under the standard. Yes. Guarding by location—that is, configuring the space or equipment in the space to eliminate employee exposure to the hazard—is an acceptable form of isolation under the standard."
62,"OSHA has identified ""noise"" as a potential physical hazard. What noise level must be reached in order to constitute a physical hazard such that the permit-required confined space requirements apply?","There is no specific threshold noise level that must be reached in order for noise to constitute a physical hazard triggering the permit-required confined space requirements. However, the noise must be so extreme that it could impede an entrant's ability to safely exit the space without assistance. In most instances, noise levels below the eight-hour TWA permissible exposure limit for noise in construction of 90 dBA would not constitute a physical hazard triggering the permit-required confined space requirements. There is no specific threshold noise level that must be reached in order for noise to constitute a physical hazard triggering the permit-required confined space requirements. However, the noise must be so extreme that it could impede an entrant's ability to safely exit the space without assistance. In most instances, noise levels below the eight-hour TWA permissible exposure limit for noise in construction of 90 dBA would not constitute a physical hazard triggering the permit-required confined space requirements."
63,"If engineering and administrative controls cannot be implemented in a residential homebuilding project to address potential noise exposures, is it acceptable for a residential home builder to rely on personal protective equipment to address noise exposures for purposes of the Standard?",Yes. A residential home builder may rely on personal protective equipment to address a noise hazard for purposes of complying with the Standard so long as the personal protective equipment itself does not serve to impede the ability of an entrant to safely exit the space without assistance. Yes. A residential home builder may rely on personal protective equipment to address a noise hazard for purposes of complying with the Standard so long as the personal protective equipment itself does not serve to impede the ability of an entrant to safely exit the space without assistance.
64,"If a competent person determines that a confined space in a residential home does not contain or have the potential to contain a hazardous atmosphere, would an entry employer need to conduct atmospheric testing of the space before an entry and provide for continuous monitoring of the space during the entry?","No. If a confined space does not contain or have the potential to contain a hazardous atmosphere, an entry employer is not required to perform atmospheric testing or atmospheric monitoring. No. If a confined space does not contain or have the potential to contain a hazardous atmosphere, an entry employer is not required to perform atmospheric testing or atmospheric monitoring."
65,"In determining whether a space has limited means of egress such that it would be considered a confined space, does the size of the entry employee matter?",No. Whether a space has limited means of egress is a fact-dependent determination based on the size of the entrance and the configuration of the inside of the space. It is not dependent on the size of an entry employee. No. Whether a space has limited means of egress is a fact-dependent determination based on the size of the entrance and the configuration of the inside of the space. It is not dependent on the size of an entry employee.
66,Can OSHA cite an employer for not documenting the initial evaluation of the workplace required by 1926.1203(a)?,"No. The initial evaluation need not be documented. The employer, however, must be able to explain how the evaluation was conducted and describe the results. Thus, any citation will be for failure to evaluate the workplace as required by the Standard, rather than for failure to create a record of the evaluation. No. The initial evaluation need not be documented. The employer, however, must be able to explain how the evaluation was conducted and describe the results. Thus, any citation will be for failure to evaluate the workplace as required by the Standard, rather than for failure to create a record of the evaluation."
67,"Does the initial evaluation for determining if a confined space is a permit space, required by 1926.1203(a), mandate a specific physical survey of each space?","No. The evaluation requirement may be met through existing experience and knowledge of the space, provided this information is adequate to make the determination required by the Standard. For example, a competent person may have information which shows that the hazards or potential hazards of all attics, crawl spaces, and basements (before steps are installed) will not impede an entrant's ability to exit the space without assistance. Therefore, these spaces would not need to be evaluated individually before each entry. This same approach can be used for any entry employer which has a number of identical spaces and information to support its determination(s). See the response to Question 23. No. The evaluation requirement may be met through existing experience and knowledge of the space, provided this information is adequate to make the determination required by the Standard. For example, a competent person may have information which shows that the hazards or potential hazards of all attics, crawl spaces, and basements (before steps are installed) will not impede an entrant's ability to exit the space without assistance. Therefore, these spaces would not need to be evaluated individually before each entry. This same approach can be used for any entry employer which has a number of identical spaces and information to support its determination(s). See the response to Question 23."
68,"Under the Standard, which employer issues the permit for permit-required confined spaces?","The permit is issued by the entry employer (see 1926.1205(a) and the definition of ""entry employer"" in 1926.1202: the ""employer who decides that an employee it directs will enter a permit space""). The permit is issued by the entry employer (see 1926.1205(a) and the definition of ""entry employer"" in 1926.1202: the ""employer who decides that an employee it directs will enter a permit space"")."
69,"If a rescue service fails to notify an entry employer that the rescue service is unavailable, will the entry employer be cited under the Standard?","No. So long as the entry employer informed the rescue service that rescue services may be needed and of the requirement that the rescue service notify the employer if it is unavailable for rescue, and the rescue service agreed to provide the notification, no citation will issue to the entry employer if the rescue service fails to fulfill its agreement to notify the entry employer that it is unavailable to perform rescue services. No. So long as the entry employer informed the rescue service that rescue services may be needed and of the requirement that the rescue service notify the employer if it is unavailable for rescue, and the rescue service agreed to provide the notification, no citation will issue to the entry employer if the rescue service fails to fulfill its agreement to notify the entry employer that it is unavailable to perform rescue services."
70,"If an employer establishes a policy prohibiting the employees it directs from working in a permit-required confined space and effectively communicates the policy to those employees, does that employer still need to have a rescue harness on site and train the employees it directs in rescue operations?",No. Only employers that can reasonably anticipate that the employees they direct may enter permit-required confined spaces are subject to the requirement to develop and implement procedures for rescue and emergency services under 1926.1204(i) and 1926.1211. No. Only employers that can reasonably anticipate that the employees they direct may enter permit-required confined spaces are subject to the requirement to develop and implement procedures for rescue and emergency services under 1926.1204(i) and 1926.1211.
71,"In fulfilling the requirements of 1926.1203(a), can a competent person rely on experience and past practice in terms of assessing the existence of confined spaces and permit-required confined spaces?",Yes. A competent person can draw from his or her experience and expertise in making the required assessment under 1926.1203(a). Yes. A competent person can draw from his or her experience and expertise in making the required assessment under 1926.1203(a).
72,What constitutes serious physical damage under the Standard?,"Section 1926.1202 defines serious physical damage as an impairment or illness in which a body part is made functionally useless or is substantially reduced in efficiency. Injuries involving such impairment would usually require treatment by a physician or other licensed health-care professional. In general, injuries requiring only first-aid treatment would not be considered serious physical damage because they would not impair an employee's ability to safely exit a confined space without assistance. Section 1926.1202 defines serious physical damage as an impairment or illness in which a body part is made functionally useless or is substantially reduced in efficiency. Injuries involving such impairment would usually require treatment by a physician or other licensed health-care professional. In general, injuries requiring only first-aid treatment would not be considered serious physical damage because they would not impair an employee's ability to safely exit a confined space without assistance. OSHA Standards Enforcement Topics Media Center Contact Us OSHA Standards Enforcement Topics Media Center Contact Us OSHA Standards Enforcement Topics Media Center Contact Us OSHA Standards Enforcement Topics Media Center Contact Us OSHA Standards Enforcement Topics Media Center Contact Us"
